<?xml version="1.0" encoding="utf-8" ?>
<Defs>

   <PawnKindDef>
    <defName>GlowingGhoul_Pawn</defName>
    <label>glowing one</label>	
    <race>GlowingGhoul</race>
	<combatPower>50</combatPower>
    <apparelIgnoreSeasons>false</apparelIgnoreSeasons>
    <forceNormalGearQuality>true</forceNormalGearQuality>
<backstoryFiltersOverride>
        <li>
            <categories>
      <li>Offworld</li>
			</categories>
        </li>
    </backstoryFiltersOverride>
    <chemicalAddictionChance>0.00</chemicalAddictionChance>
    <apparelTags>
      <li>Neolithic</li>
    </apparelTags>
    <apparelMoney>
      <min>0</min>
      <max>0</max>
    </apparelMoney>
    <backstoryCryptosleepCommonality>0</backstoryCryptosleepCommonality>
    <techHediffsMoney>
      <min>0</min>
      <max>10</max>
    </techHediffsMoney>
    <techHediffsTags>
      <li>Poor</li>
    </techHediffsTags>
    <techHediffsChance>0.00</techHediffsChance>
	
	<minGenerationAge>1</minGenerationAge>
    <maxGenerationAge>200</maxGenerationAge>
	
	</PawnKindDef>
  
<PawnKindDef Abstract="True" Name="GlowingGhoulPlayerBase">
    <race>GlowingGhoul</race>
    <combatPower>30</combatPower>
    <forceNormalGearQuality>true</forceNormalGearQuality>
</PawnKindDef>

<!-- Colonist -->
  <PawnKindDef ParentName="GlowingGhoulPlayerBase">
    <defName>GlowingGhoul_Colonist</defName>
    <label>colonist</label>
    <defaultFactionType>PlayerColony</defaultFactionType>
<backstoryFiltersOverride>
            <li>
                <categories>
                    <li>Offworld</li>
                </categories>
            </li>
</backstoryFiltersOverride>
    <chemicalAddictionChance>0.05</chemicalAddictionChance>
    <apparelTags>
      <li>IndustrialBasic</li>
    </apparelTags>
    <apparelAllowHeadgearChance>0</apparelAllowHeadgearChance>
    <apparelMoney>
      <min>350</min>
      <max>600</max>
    </apparelMoney>
    <backstoryCryptosleepCommonality>1</backstoryCryptosleepCommonality>
    <techHediffsChance>0.05</techHediffsChance>
    <techHediffsMoney>
      <min>0</min>
      <max>500</max>
    </techHediffsMoney>
    <techHediffsTags>
      <li>Poor</li>
      <li>Simple</li>
    </techHediffsTags>
	<apparelIgnoreSeasons>true</apparelIgnoreSeasons>
	<minGenerationAge>18</minGenerationAge>
    <maxGenerationAge>300</maxGenerationAge>	
</PawnKindDef>
<!-- Slave -->

  <PawnKindDef>
    <defName>GlowingGhoul_Slave</defName>
    <label>slave</label>
    <combatPower>30</combatPower>
    <race>GlowingGhoul</race>
    <baseRecruitDifficulty>0.15</baseRecruitDifficulty>
    <backstoryFiltersOverride>
      <li>
        <categories>
          <li>Offworld</li>
          <li>Outlander</li>
          <li>Outsider</li>
        </categories>
      </li>
    </backstoryFiltersOverride>
    <defaultFactionType>OutlanderCivil</defaultFactionType>
    <itemQuality>Poor</itemQuality>
    <backstoryCryptosleepCommonality>0.10</backstoryCryptosleepCommonality>
    <chemicalAddictionChance>0.05</chemicalAddictionChance>
    <gearHealthRange>
      <min>0.2</min>
      <max>0.8</max>
    </gearHealthRange>
    <apparelTags>
      <li>IndustrialBasic</li>
    </apparelTags>
    <apparelMoney>
      <min>0</min>
      <max>350</max>
    </apparelMoney>
    <apparelAllowHeadgearChance>0</apparelAllowHeadgearChance>
    <techHediffsChance>0.03</techHediffsChance>
    <techHediffsMoney>
      <min>50</min>
      <max>800</max>
    </techHediffsMoney>
    <techHediffsTags>
      <li>Poor</li>
    </techHediffsTags>
    <apparelIgnoreSeasons>true</apparelIgnoreSeasons>
    <invNutrition>1</invNutrition>
    <invFoodDef>Pemmican</invFoodDef>
  </PawnKindDef>
<!-- Refugee -->

  <PawnKindDef>
    <defName>GlowingGhoul_Refugee</defName>
    <label>refugee</label>
    <race>GlowingGhoul</race>
    <combatPower>30</combatPower>
    <baseRecruitDifficulty>0.30</baseRecruitDifficulty>
<backstoryFiltersOverride>
            <li>
                <categories>
                    <li>Offworld</li>
                </categories>
            </li>
</backstoryFiltersOverride>
    <backstoryCryptosleepCommonality>1</backstoryCryptosleepCommonality>
    <forceNormalGearQuality>true</forceNormalGearQuality>
    <isFighter>false</isFighter>
    <chemicalAddictionChance>0.08</chemicalAddictionChance>
    <gearHealthRange>
      <min>0.4</min>
      <max>1.4</max>
    </gearHealthRange>
    <apparelMoney>
      <min>0</min>
      <max>1000</max>
    </apparelMoney>
    <apparelTags>
      <li>IndustrialBasic</li>
    </apparelTags>
    <apparelIgnoreSeasons>true</apparelIgnoreSeasons>
    <apparelAllowHeadgearChance>0</apparelAllowHeadgearChance>
    <techHediffsMoney>
      <min>50</min>
      <max>800</max>
    </techHediffsMoney>
    <techHediffsTags>
      <li>Poor</li>
      <li>Simple</li>
    </techHediffsTags>
    <techHediffsChance>0.08</techHediffsChance>
  </PawnKindDef>

<!-- GlowingGhoul Outlanders -->

 <PawnKindDef Name="GlowingGhoulOutlanderBase" Abstract="True">
    <race>GlowingGhoul</race>
    <defaultFactionType>OutlanderCivil</defaultFactionType>
    <chemicalAddictionChance>0.05</chemicalAddictionChance>
    <backstoryCryptosleepCommonality>0.05</backstoryCryptosleepCommonality>
<backstoryFiltersOverride>
            <li>
                <categories>
                    <li>Offworld</li>
                </categories>
            </li>
</backstoryFiltersOverride>
    <invNutrition>2.55</invNutrition>
    <apparelTags>
      <li>IndustrialBasic</li>
      <li>IndustrialAdvanced</li>
    </apparelTags>
    <inventoryOptions>
      <skipChance>0.70</skipChance>
      <subOptionsChooseOne>
        <li>
          <choiceChance>90</choiceChance>
          <thingDef>Silver</thingDef>
          <countRange>
            <min>30</min>
            <max>100</max>
          </countRange>
        </li>
      </subOptionsChooseOne>
    </inventoryOptions>
  </PawnKindDef>

  <PawnKindDef ParentName="GlowingGhoulOutlanderBase">
    <defName>GlowingGhoul_Villager</defName>
    <label>villager</label>
    <combatPower>35</combatPower>
    <itemQuality>Poor</itemQuality>
    <isFighter>false</isFighter>
    <gearHealthRange>
      <min>0.2</min>
      <max>2.0</max>
    </gearHealthRange>
    <weaponTags>
      <li>Gun</li>
      <li>MedievalMeleeBasic</li>
    </weaponTags>
    <weaponMoney>
      <min>65</min>
      <max>250</max>
    </weaponMoney>
    <apparelMoney>
      <min>200</min>
      <max>400</max>
    </apparelMoney>
    <apparelAllowHeadgearChance>0.4</apparelAllowHeadgearChance>
    <techHediffsChance>0.06</techHediffsChance>
    <techHediffsMoney>
      <min>50</min>
      <max>600</max>
    </techHediffsMoney>
    <techHediffsTags>
      <li>Poor</li>
      <li>Simple</li>
    </techHediffsTags>
  </PawnKindDef>

  <PawnKindDef ParentName="GlowingGhoulOutlanderBase">
    <defName>GlowingGhoul_Town_Guard</defName>
    <label>town guard</label>
    <combatPower>55</combatPower>
    <isFighter>true</isFighter>
    <gearHealthRange>
      <min>0.6</min>
      <max>2</max>
    </gearHealthRange>
    <apparelTags>
      <li>IndustrialMilitaryBasic</li>
      <li>BeltDefensePop</li>
    </apparelTags>
    <apparelMoney>
      <min>400</min>
      <max>600</max>
    </apparelMoney>
    <apparelAllowHeadgearChance>0.4</apparelAllowHeadgearChance>
    <weaponTags>
      <li>Gun</li>
    </weaponTags>
    <weaponMoney>
      <min>250</min>
      <max>400</max>
    </weaponMoney>
    <techHediffsChance>0.04</techHediffsChance>
    <techHediffsMoney>
      <min>200</min>
      <max>700</max>
    </techHediffsMoney>
    <techHediffsTags>
      <li>Poor</li>
      <li>Simple</li>
    </techHediffsTags>
  </PawnKindDef>

  <PawnKindDef ParentName="GlowingGhoulOutlanderBase">
    <defName>GlowingGhoul_Town_Trader</defName>
    <label>town trader</label>
    <trader>true</trader>
    <combatPower>40</combatPower>
    <isFighter>false</isFighter>
    <gearHealthRange>
      <min>1</min>
      <max>1</max>
    </gearHealthRange>
    <itemQuality>Normal</itemQuality>
    <weaponTags>
      <li>Gun</li>
    </weaponTags>
    <weaponMoney>
      <min>200</min>
      <max>200</max>
    </weaponMoney>
    <apparelMoney>
      <min>400</min>
      <max>600</max>
    </apparelMoney>
    <apparelTags>
      <li>IndustrialMilitaryBasic</li>
      <li>IndustrialMilitaryAdvanced</li>
      <li>BeltDefensePop</li>
    </apparelTags>
    <apparelRequired>
      <li>Apparel_BowlerHat</li>
    </apparelRequired>
    <techHediffsChance>0.15</techHediffsChance>
    <techHediffsMoney>
      <min>600</min>
      <max>1500</max>
    </techHediffsMoney>
    <techHediffsTags>
      <li>Poor</li>
      <li>Simple</li>
      <li>Advanced</li>
    </techHediffsTags>
  </PawnKindDef>

  <PawnKindDef ParentName="GlowingGhoulOutlanderBase">
    <defName>GlowingGhoul_Town_Councilman</defName>
    <label>town councilman</label>
    <labelPlural>town councilmen</labelPlural>
    <combatPower>40</combatPower>
    <factionLeader>true</factionLeader>
    <minGenerationAge>30</minGenerationAge>
    <isFighter>false</isFighter>
    <gearHealthRange>
      <min>1</min>
      <max>1</max>
    </gearHealthRange>
    <itemQuality>Good</itemQuality>
    <weaponMoney>
      <min>200</min>
      <max>200</max>
    </weaponMoney>
    <weaponTags>
      <li>Gun</li>
    </weaponTags>
    <apparelMoney>
      <min>700</min>
      <max>1200</max>
    </apparelMoney>
    <apparelTags>
      <li>IndustrialMilitaryBasic</li>
      <li>BeltDefensePop</li>
    </apparelTags>
    <apparelRequired>
      <li>Apparel_BowlerHat</li>
    </apparelRequired>
    <techHediffsChance>0.15</techHediffsChance>
    <techHediffsMoney>
      <min>600</min>
      <max>1500</max>
    </techHediffsMoney>
    <techHediffsTags>
      <li>Simple</li>
      <li>Advanced</li>
    </techHediffsTags>
  </PawnKindDef>
<!-- GlowingGhoul Mercenaries -->

  <PawnKindDef Name="GlowingGhoul_MercenaryBase" Abstract="True">
    <race>GlowingGhoul</race>
    <defaultFactionType>Pirate</defaultFactionType>
<backstoryFiltersOverride>
            <li>
                <categories>
                    <li>Pirate</li>
                </categories>
            </li>
</backstoryFiltersOverride>
    <chemicalAddictionChance>0.1</chemicalAddictionChance>
    <invNutrition>2.55</invNutrition>
    <itemQuality>Normal</itemQuality>
    <backstoryCryptosleepCommonality>0.08</backstoryCryptosleepCommonality>
    <maxGenerationAge>300</maxGenerationAge>
    <combatEnhancingDrugsChance>0.15</combatEnhancingDrugsChance>
    <combatEnhancingDrugsCount>
      <min>0</min>
      <max>2</max>
    </combatEnhancingDrugsCount>
  </PawnKindDef>

  <!-- Low merc tier - grenadiers -->

  <PawnKindDef Abstract="True" Name="GlowingGhoul_GrenadierBase" ParentName="GlowingGhoul_MercenaryBase">
		<race>GlowingGhoul</race>
		<combatPower>65</combatPower>
		<gearHealthRange>
			<min>0.7</min>
			<max>2.3</max>
		</gearHealthRange>
		<apparelTags>
			<li>IndustrialBasic</li>
      <li>IndustrialAdvanced</li>
      <li>IndustrialMilitaryBasic</li>
			<li>BeltDefensePop</li>
		</apparelTags>
		<apparelMoney>
			<min>400</min>
			<max>700</max>
		</apparelMoney>
		<apparelAllowHeadgearChance>0.5</apparelAllowHeadgearChance>
		<weaponMoney>
			<min>500</min>
			<max>500</max>
		</weaponMoney>
    <techHediffsChance>0.05</techHediffsChance>
    <techHediffsMoney>
			<min>500</min>
			<max>500</max>
		</techHediffsMoney>
		<techHediffsTags>
			<li>Poor</li>
      <li>Simple</li>
    </techHediffsTags>
		<inventoryOptions>
			<skipChance>0.9</skipChance>
			<subOptionsChooseOne>
				<li>
					<thingDef>Silver</thingDef>
					<countRange>
						<min>50</min>
						<max>200</max>
					</countRange>
				</li>
				<li>
					<thingDef>MedicineIndustrial</thingDef>
					<countRange>
						<min>1</min>
						<max>1</max>
					</countRange>
				</li>
			</subOptionsChooseOne>
		</inventoryOptions>
	</PawnKindDef>

	<PawnKindDef ParentName="GlowingGhoul_GrenadierBase">
		<defName>GlowingGhoul_Grenadier_Destructive</defName>
		<label>grenadier</label>
    <canBeSapper>true</canBeSapper>
		<weaponTags>
			<li>GrenadeDestructive</li>
		</weaponTags>
	</PawnKindDef>

  <!-- Mid merc tier - gunner, slasher, sniper, heavy -->

  <PawnKindDef ParentName="GlowingGhoul_MercenaryBase" Name="GlowingGhoul_MercenaryMidTierBase" Abstract="True">
    <techHediffsChance>0.15</techHediffsChance>
    <techHediffsMoney>
      <min>700</min>
      <max>1200</max>
    </techHediffsMoney>
    <techHediffsTags>
      <li>Simple</li>
      <li>Advanced</li>
    </techHediffsTags>
  </PawnKindDef>

    <PawnKindDef ParentName="GlowingGhoul_MercenaryMidTierBase">
    <defName>GlowingGhoul_Mercenary_Gunner</defName>
    <label>mercenary gunner</label>
    <combatPower>90</combatPower>
    <gearHealthRange>
      <min>0.7</min>
      <max>3.2</max>
    </gearHealthRange>
    <apparelTags>
      <li>IndustrialBasic</li>
      <li>IndustrialAdvanced</li>
      <li>IndustrialMilitaryBasic</li>
      <li>IndustrialMilitaryAdvanced</li>
      <li>BeltDefensePop</li>
    </apparelTags>
    <apparelMoney>
      <min>1000</min>
      <max>1500</max>
    </apparelMoney>
    <apparelAllowHeadgearChance>0.5</apparelAllowHeadgearChance>
    <weaponMoney>
      <min>330</min>
      <max>650</max>
    </weaponMoney>
    <weaponTags>
      <li>Gun</li>
    </weaponTags>
    <combatEnhancingDrugsChance>0.05</combatEnhancingDrugsChance>
    <combatEnhancingDrugsCount>
      <min>0</min>
      <max>2</max>
    </combatEnhancingDrugsCount>
    <inventoryOptions>
      <skipChance>0.8</skipChance>
      <subOptionsChooseOne>
        <li>
          <thingDef>Silver</thingDef>
          <countRange>
            <min>50</min>
            <max>200</max>
          </countRange>
        </li>
        <li>
          <thingDef>MedicineIndustrial</thingDef>
          <countRange>
            <min>1</min>
            <max>1</max>
          </countRange>
        </li>
      </subOptionsChooseOne>
    </inventoryOptions>
  </PawnKindDef>
 
  <PawnKindDef ParentName="GlowingGhoul_MercenaryMidTierBase">
    <defName>GlowingGhoul_Mercenary_Slasher</defName>
    <label>mercenary slasher</label>
    <combatPower>150</combatPower>
    <canBeSapper>true</canBeSapper>
    <gearHealthRange>
      <min>0.7</min>
      <max>3.2</max>
    </gearHealthRange>
    <apparelTags>
      <li>IndustrialBasic</li>
      <li>IndustrialAdvanced</li>
      <li>IndustrialMilitaryBasic</li>
      <li>IndustrialMilitaryAdvanced</li>
    </apparelTags>
    <apparelRequired>
      <li>Apparel_ShieldBelt</li>
    </apparelRequired>
    <apparelMoney>
      <min>300</min>
      <max>1400</max>
    </apparelMoney>
    <apparelAllowHeadgearChance>0</apparelAllowHeadgearChance>
    <weaponMoney>
      <min>200</min>
      <max>500</max>
    </weaponMoney>
    <weaponTags>
      <li>MedievalMeleeDecent</li>
      <li>MedievalMeleeAdvanced</li>
    </weaponTags>
    <inventoryOptions>
      <skipChance>0.8</skipChance>
      <subOptionsChooseOne>
        <li>
          <thingDef>Silver</thingDef>
          <countRange>
            <min>180</min>
            <max>400</max>
          </countRange>
        </li>
        <li>
          <thingDef>MedicineIndustrial</thingDef>
          <countRange>
            <min>1</min>
            <max>2</max>
          </countRange>
        </li>
      </subOptionsChooseOne>
    </inventoryOptions>
  </PawnKindDef>

  <!-- Elite tier - merc elite, pirate boss -->
  
  <PawnKindDef Abstract="True" Name="GlowingGhoul_MercenaryEliteTierBase" ParentName="GlowingGhoul_MercenaryBase">
    <combatPower>150</combatPower>
    <maxGenerationAge>200</maxGenerationAge>
    <backstoryCryptosleepCommonality>0.25</backstoryCryptosleepCommonality>
    <gearHealthRange>
      <min>1</min>
      <max>1</max>
    </gearHealthRange>
    <apparelTags>
      <li>IndustrialBasic</li>
      <li>IndustrialAdvanced</li>
      <li>IndustrialMilitaryBasic</li>
      <li>IndustrialMilitaryAdvanced</li>
      <li>SpacerMilitary</li>
      <li>BeltDefensePop</li>
    </apparelTags>
    <apparelMoney>
      <min>2500</min>
      <max>3500</max>
    </apparelMoney>
    <apparelAllowHeadgearChance>0.9</apparelAllowHeadgearChance>
    <weaponMoney>
      <min>500</min>
      <max>1400</max>
    </weaponMoney>
    <weaponTags>
			<li>IndustrialGunAdvanced</li>
    </weaponTags>
    <techHediffsMoney>
      <min>1000</min>
      <max>1200</max>
    </techHediffsMoney>
    <techHediffsTags>
      <li>Advanced</li>
    </techHediffsTags>
    <techHediffsChance>0.35</techHediffsChance>
    <combatEnhancingDrugsChance>0.80</combatEnhancingDrugsChance>
    <combatEnhancingDrugsCount>
      <min>1</min>
      <max>2</max>
    </combatEnhancingDrugsCount>
  </PawnKindDef>
  <PawnKindDef ParentName="GlowingGhoul_MercenaryEliteTierBase">
    <defName>GlowingGhoul_Mercenary_Elite</defName>
    <label>elite mercenary</label>
    <labelPlural>elite mercenaries</labelPlural>
    <inventoryOptions>
      <skipChance>0.8</skipChance>
      <subOptionsChooseOne>
        <li>
          <thingDef>MedicineIndustrial</thingDef>
          <countRange>
            <min>1</min>
            <max>2</max>
          </countRange>
        </li>
      </subOptionsChooseOne>
    </inventoryOptions>
  </PawnKindDef>

</Defs>