<?xml version="1.0" encoding="utf-8" ?>
<Defs>

  <HediffDef Name="Ghoul_RacialBase" Abstract="True">
    <hediffClass>HediffWithComps</hediffClass>
    <defaultLabelColor>(0.0, 0.8, 0.0)</defaultLabelColor>
    <initialSeverity>0.0</initialSeverity>
	<isBad>false</isBad>
	<scenarioCanAdd>false</scenarioCanAdd>
  </HediffDef>
  
    <HediffGiverSetDef>
    <defName>GhoulStandard</defName>
    <hediffGivers>
      
      <!-- Environmental -->
      <li Class="HediffGiver_Bleeding">
        <hediff>BloodLoss</hediff>
      </li>
      <li Class="HediffGiver_Hypothermia">
        <hediff>Hypothermia</hediff>
        <hediffInsectoid>HypothermicSlowdown</hediffInsectoid>
      </li>
      <li Class="HediffGiver_Heat">
        <hediff>Heatstroke</hediff>
      </li>
	  
    </hediffGivers>
  </HediffGiverSetDef>
  	<!--HediffDef>
		<defName>GhoulPassive</defName>
		<label>Ghoul</label>
		<hediffClass>HediffWithComps</hediffClass>
		    <description>Ghoul Description</description>
		<defaultLabelColor>(1, 1, 1)</defaultLabelColor>
		<isBad>false</isBad>
		<stages>
			<li>
			<becomeVisible>true</becomeVisible>
			<capMods>
			<li>
				<capacity>BloodFiltration</capacity>
				<postFactor>3</postFactor>
			</li>
			</capMods>
		 <statOffsets>
          <PawnBeauty>-2</PawnBeauty>
        </statOffsets>
			</li>
		</stages>
	</HediffDef-->

  <!--HediffGiverSetDef>
    <defName>GhoulPassiveSet</defName>
    <hediffGivers>
      <li Class="HediffGiver_Birthday">
        <hediff>GhoulPassive</hediff>
        <ageFractionChanceCurve>
          <points>
            <li>(0, 1)</li>
            <li>(1, 1)</li>
          </points>
        </ageFractionChanceCurve>
      </li>
    </hediffGivers>
  </HediffGiverSetDef-->
  
  
  
  
  
  
  <!--JecsTools.HediffExpandedDef ParentName="Ghoul_RacialBase">
    <defName>Ghoul_RaceTraits</defName>
    <label>Ghoul</label>
	<postListText>[PAWN_nameDef] is a ghoul and can survive some things normal humans can not.</postListText>
    <stages>
      <li>
        <capMods>
		  <li>
            <capacity>BloodFiltration</capacity>
            <postFactor>3</postFactor>
          </li>
		  </capMods>
      </li>
    </stages>
  </JecsTools.HediffExpandedDef-->


</Defs>